-- MySQL dump 10.13  Distrib 5.5.29, for debian-linux-gnu (x86_64)
--
-- Host: localhost    Database: datasource
-- ------------------------------------------------------
-- Server version	5.5.29-0ubuntu0.12.10.1

/*!40101 SET @OLD_CHARACTER_SET_CLIENT=@@CHARACTER_SET_CLIENT */;
/*!40101 SET @OLD_CHARACTER_SET_RESULTS=@@CHARACTER_SET_RESULTS */;
/*!40101 SET @OLD_COLLATION_CONNECTION=@@COLLATION_CONNECTION */;
/*!40101 SET NAMES utf8 */;
/*!40103 SET @OLD_TIME_ZONE=@@TIME_ZONE */;
/*!40103 SET TIME_ZONE='+00:00' */;
/*!40014 SET @OLD_UNIQUE_CHECKS=@@UNIQUE_CHECKS, UNIQUE_CHECKS=0 */;
/*!40014 SET @OLD_FOREIGN_KEY_CHECKS=@@FOREIGN_KEY_CHECKS, FOREIGN_KEY_CHECKS=0 */;
/*!40101 SET @OLD_SQL_MODE=@@SQL_MODE, SQL_MODE='NO_AUTO_VALUE_ON_ZERO' */;
/*!40111 SET @OLD_SQL_NOTES=@@SQL_NOTES, SQL_NOTES=0 */;

--
-- Table structure for table `auteur`
--

DROP TABLE IF EXISTS `auteur`;
/*!40101 SET @saved_cs_client     = @@character_set_client */;
/*!40101 SET character_set_client = utf8 */;
CREATE TABLE `auteur` (
  `NOM_AUTEUR` varchar(100) NOT NULL DEFAULT '',
  PRIMARY KEY (`NOM_AUTEUR`)
) ENGINE=InnoDB DEFAULT CHARSET=latin1;
/*!40101 SET character_set_client = @saved_cs_client */;

--
-- Dumping data for table `auteur`
--

LOCK TABLES `auteur` WRITE;
/*!40000 ALTER TABLE `auteur` DISABLE KEYS */;
INSERT INTO `auteur` (`NOM_AUTEUR`) VALUES (''),('adrien fret'),('Aglae 31'),('Alix Padd'),('Anima783'),('antoine.v'),('Biker85'),('bouzou'),('chaton175484'),('Cherry blossom'),('Chétal Kouette'),('christ christ'),('Claude BESNIER'),('crisscross'),('delorme philippe'),('dingo plutoy'),('dk7'),('Dorothee13'),('elfa'),('emile hessler'),('ercodi'),('eric quimper'),('eurydice001'),('Gerard Meurice'),('gloup75'),('isabelle2008'),('Jean Bombeur'),('jean Lafeuille'),('jeanma86001'),('jeanne 37'),('JFAC'),('Joyeuseb'),('JULIEN7544'),('jungmat'),('Katarina Boraskyaya'),('L\'AMIRAL BLEU'),('LECOUDUR'),('lefigaro.fr'),('loic durand'),('lulu22'),('Mac Gregor'),('macedoine'),('Marc de Boni'),('Marx Jean-Michel'),('mhs'),('Michel B'),('michel losq'),('Mickaël834'),('MIPER001'),('mistophore'),('MMO69'),('namala'),('NEOHJIEHL'),('Nil novi sub sole'),('Oli38'),('PasBonPasCool'),('pb03'),('philippe serin'),('Pierre Dupuis 1'),('plmv66@free.fr'),('Poil-a-gratter'),('sale bête'),('sardanapale19'),('Shalomlaolam'),('squirrel'),('Stéphane Baudry'),('tictictac2012'),('triplecroche'),('VOLENS');
/*!40000 ALTER TABLE `auteur` ENABLE KEYS */;
UNLOCK TABLES;

--
-- Table structure for table `citation`
--

DROP TABLE IF EXISTS `citation`;
/*!40101 SET @saved_cs_client     = @@character_set_client */;
/*!40101 SET character_set_client = utf8 */;
CREATE TABLE `citation` (
  `id` int(11) NOT NULL DEFAULT '0',
  `author_source` varchar(100) NOT NULL,
  `author_target` varchar(100) NOT NULL COMMENT 'The author which is cited in the current citation',
  `mesg_source` int(11) NOT NULL COMMENT 'The message id (in table messgearticle) in which the citation occurs',
  `mesg_target` int(11) DEFAULT NULL COMMENT 'If known, this is the id of the message being cited (structural and text citations only)',
  `citation_type` int(10) NOT NULL COMMENT 'The type of citation (0 for stuctural citation extracted from the forum itself)',
  PRIMARY KEY (`author_source`,`author_target`,`mesg_source`,`citation_type`),
  KEY `author_target` (`author_target`),
  KEY `mesg_source` (`mesg_source`),
  KEY `target_message_index` (`mesg_target`),
  CONSTRAINT `citation_ibfk_1` FOREIGN KEY (`author_source`) REFERENCES `auteur` (`NOM_AUTEUR`) ON DELETE CASCADE ON UPDATE CASCADE,
  CONSTRAINT `citation_ibfk_2` FOREIGN KEY (`author_target`) REFERENCES `auteur` (`NOM_AUTEUR`) ON DELETE CASCADE ON UPDATE CASCADE,
  CONSTRAINT `citation_ibfk_3` FOREIGN KEY (`mesg_source`) REFERENCES `messgearticle` (`NUM_MESG`) ON DELETE CASCADE ON UPDATE CASCADE,
  CONSTRAINT `citation_ibfk_4` FOREIGN KEY (`mesg_target`) REFERENCES `messgearticle` (`NUM_MESG`) ON DELETE CASCADE ON UPDATE CASCADE
) ENGINE=InnoDB DEFAULT CHARSET=latin1 COMMENT='Stores the citations between user posts';
/*!40101 SET character_set_client = @saved_cs_client */;

--
-- Dumping data for table `citation`
--

LOCK TABLES `citation` WRITE;
/*!40000 ALTER TABLE `citation` DISABLE KEYS */;
INSERT INTO `citation` (`id`, `author_source`, `author_target`, `mesg_source`, `mesg_target`, `citation_type`) VALUES (4,'Aglae 31','Marx Jean-Michel',22,21,0),(1,'eric quimper','Anima783',14,13,0),(2,'JFAC','Anima783',15,13,0),(3,'Mickaël834','MIPER001',17,16,0),(5,'namala','isabelle2008',61,60,0),(6,'namala','Mac Gregor',82,81,0);
/*!40000 ALTER TABLE `citation` ENABLE KEYS */;
UNLOCK TABLES;

--
-- Table structure for table `dictionaire`
--

DROP TABLE IF EXISTS `dictionaire`;
/*!40101 SET @saved_cs_client     = @@character_set_client */;
/*!40101 SET character_set_client = utf8 */;
CREATE TABLE `dictionaire` (
  `MOT` varchar(50) NOT NULL,
  PRIMARY KEY (`MOT`)
) ENGINE=InnoDB DEFAULT CHARSET=latin1;
/*!40101 SET character_set_client = @saved_cs_client */;

--
-- Dumping data for table `dictionaire`
--

LOCK TABLES `dictionaire` WRITE;
/*!40000 ALTER TABLE `dictionaire` DISABLE KEYS */;
/*!40000 ALTER TABLE `dictionaire` ENABLE KEYS */;
UNLOCK TABLES;

--
-- Table structure for table `messgearticle`
--

DROP TABLE IF EXISTS `messgearticle`;
/*!40101 SET @saved_cs_client     = @@character_set_client */;
/*!40101 SET character_set_client = utf8 */;
CREATE TABLE `messgearticle` (
  `NUM_MESG` int(11) NOT NULL,
  `source_id` int(11) DEFAULT NULL,
  `NOM_AUTEUR` varchar(100) DEFAULT NULL,
  `source` varchar(100) DEFAULT 'artificial',
  `urlsource` varchar(500) DEFAULT 'artificial',
  `URL` varchar(767) NOT NULL,
  `TITRE` varchar(200) NOT NULL,
  `MESSAGE` text,
  `DATE_SYS` varchar(100) DEFAULT NULL,
  `DATE` varchar(100) DEFAULT NULL,
  `replies` double DEFAULT '-1',
  `type` int(11) NOT NULL DEFAULT '0',
  PRIMARY KEY (`NUM_MESG`),
  KEY `mindex` (`MESSAGE`(100)),
  KEY `messgearticle_url_fk` (`URL`),
  KEY `messgearticle_auteur_fk` (`NOM_AUTEUR`),
  KEY `messgearticle_fk` (`TITRE`),
  KEY `replies` (`replies`),
  KEY `FK_MESG_SOURCE` (`source`,`urlsource`),
  KEY `messagearticle_source_fk` (`source_id`),
  CONSTRAINT `messagearticle_source_fk` FOREIGN KEY (`source_id`) REFERENCES `source` (`id`) ON DELETE CASCADE ON UPDATE CASCADE,
  CONSTRAINT `messgearticle_auteur_fk` FOREIGN KEY (`NOM_AUTEUR`) REFERENCES `auteur` (`NOM_AUTEUR`) ON DELETE CASCADE ON UPDATE CASCADE,
  CONSTRAINT `messgearticle_fk` FOREIGN KEY (`TITRE`) REFERENCES `titre` (`TITRE`) ON DELETE CASCADE ON UPDATE CASCADE,
  CONSTRAINT `messgearticle_url_fk` FOREIGN KEY (`URL`) REFERENCES `url` (`URL`) ON DELETE CASCADE ON UPDATE CASCADE
) ENGINE=InnoDB DEFAULT CHARSET=latin1;
/*!40101 SET character_set_client = @saved_cs_client */;

--
-- Dumping data for table `messgearticle`
--

LOCK TABLES `messgearticle` WRITE;
/*!40000 ALTER TABLE `messgearticle` DISABLE KEYS */;
INSERT INTO `messgearticle` (`NUM_MESG`, `source_id`, `NOM_AUTEUR`, `source`, `urlsource`, `URL`, `TITRE`, `MESSAGE`, `DATE_SYS`, `DATE`, `replies`, `type`) VALUES (1,1,'Marc de Boni','artificial','artificial','http://elections.lefigaro.fr/presidentielle-2012/2012/06/06/01039-20120606ARTFIG00479-cannabis-la-sortie-de-duflot-agite-la-classe-politique.php','Cannabis : la sortie de Duflot agite la classe politique','Dsol, cette vido n\'est pas disponible sur votre appareil. brightcove.createExperiences();',NULL,'06/06/2012 14:38',0,1),(2,1,'VOLENS','artificial','artificial','http://plus.lefigaro.fr/article/cannabis-la-sortie-de-duflot-agite-la-classe-politique-20071031-956752/commentaires','','Que fait au Gouvernement une personne qui dit le contraire _ paraît-il de ce qu\'a dit celui qui l\'a placée là ? Est ce : 1) une \'\' erreur de jeunesse électorale\'\' (sans excuse) 2) une dissidence manifeste (punissable) 3) un \'\' ballon d\'essai\'\' pour voir les réactions au cas où ? Qui peut répondre à ce petit questionnaire ...',NULL,'06/06/2012 15:02',1,0),(3,1,'Shalomlaolam','artificial','artificial','http://plus.lefigaro.fr/article/cannabis-la-sortie-de-duflot-agite-la-classe-politique-20071031-956752/commentaires','','... \"l\'UMP crie au «désastre moral»\" ... Nul besoin que Duflot tienne des propos ineptes comme à son habitude, pour constater que le gouvernement ENTIER est un désastre (et pas seulement moral) !!!',NULL,'06/06/2012 15:00',1,0),(4,1,'bouzou','artificial','artificial','http://plus.lefigaro.fr/article/cannabis-la-sortie-de-duflot-agite-la-classe-politique-20071031-956752/commentaires','','je souhaite que la duflot reste au gouvernement. On va s\'marrer !',NULL,'06/06/2012 14:55',1,0),(5,1,'michel losq','artificial','artificial','http://plus.lefigaro.fr/article/cannabis-la-sortie-de-duflot-agite-la-classe-politique-20071031-956752/commentaires','','extrait du site santé médecine: 100 milliards de cigarettes sont fumées chaque année. Le tabac reste la première cause de mortalité évitable en France. 66 000 morts par an sont liés au tabac en France et 5 millions dans le Monde. Près de 50% des personnes âgées de 18 à 34 ans fument. Le tabac est le principal facteur de risque du cancer. Le tabac est responsable de plus de 33% des cancers chez l\'homme et 10% chez la femme. conclusion: Politiques de tous bords, moralisateurs opportunistes, avant de vous attaquer \"au désastre moral\" pourquoi laisser-vous le tabac en vente libre (peut-être que le tabac est une bonne drogue?).',NULL,'06/06/2012 14:52',1,0),(6,1,'Joyeuseb','artificial','artificial','http://plus.lefigaro.fr/article/cannabis-la-sortie-de-duflot-agite-la-classe-politique-20071031-956752/commentaires','','Classique maneuvre destinée à présenter les satellites du Ps comme de dangereux agités que fort heureusement les gens calmes et responsables du Ps sauront tenir en mains. Ils n\'ont même pas eu besoin de l\'organiser la Duflot leur sert la soupe. Ils peuvent recommencer demain avec Mélenchon si nécessaire. Tout celà sert le Ps en le faisant apparaître comme un respectable parti de gouvernement.',NULL,'06/06/2012 14:52',1,0),(7,1,'Alix Padd','artificial','artificial','http://plus.lefigaro.fr/article/cannabis-la-sortie-de-duflot-agite-la-classe-politique-20071031-956752/commentaires','','Duflot, a lancé ce pavé dans la marre avec l\'accord du gouvernement pour, d\'une certaine façon, prendre la température sociale sur l\'idée émise. Cette femme a exprimé un incongruité de plus, qui montre sa totale irresponsabilité, encouragée par le gouvernement qui l\'a adoubée. Il est clair que cette politique est une grenade dégoupillée qui n\'aurait Jamais jamais dû mettre le bout de ses baskets à l\'Elysée. Espérons qu\'après les législatives, on lui trouvera une remplaçante, parité oblige.',NULL,'06/06/2012 14:50',1,0),(8,1,'Anima783','artificial','artificial','http://plus.lefigaro.fr/article/cannabis-la-sortie-de-duflot-agite-la-classe-politique-20071031-956752/commentaires','','Non seulement l\'UMP joue une nouvelle fois la peur et la manipulation en amalgamant grossièrement les propos du Duflot avec la ligne du gouvernement, mais en plus l\'UMP tombe une nouvelle fois dans le piège du PS. Ils vont une fois de plus passer pour des réacs qui récitent leur catéchisme sur la répression. De quoi faire fuir bien des électeurs! Il y a urgement besoin de nouvelles idées à l\'UMP.',NULL,'06/06/2012 14:46',1,0),(9,1,'MIPER001','artificial','artificial','http://plus.lefigaro.fr/article/cannabis-la-sortie-de-duflot-agite-la-classe-politique-20071031-956752/commentaires','','Le Premier Ministre, M. Ayrault, vient de dire à la radio que le Gouvernement n\'avait pas pris position sur la question : cela signifierait-il en clair que Mme Duflot ne fait déjà plus partie du Gouvernement ? Le pauvre, il n\'en a pas fini, avec tous ces branquignols d\'écolos et de gauchos !',NULL,'06/06/2012 14:39',1,0),(10,1,'Katarina Boraskyaya','artificial','artificial','http://plus.lefigaro.fr/article/cannabis-la-sortie-de-duflot-agite-la-classe-politique-20071031-956752/commentaires','','Pour moi le nom du parti ne compte pas, ce qui m\'importe c\'est ce qui est fait pour la France - gauche - droite FN aucune importance si cela va dans le sens des bonne prises de décision. Ras le bol des clivages gauche-droite. C\'est vrai que la France ce n\'est ni l\'Allemagne ni la Suisse il y a encore du boulot pour comprendre.',NULL,'06/06/2012 14:05',1,0),(11,1,'elfa','artificial','artificial','http://plus.lefigaro.fr/article/cannabis-la-sortie-de-duflot-agite-la-classe-politique-20071031-956752/commentaires','','Une honte, cette déclaration! Et si F. Hollande demandait l\'avis de l\'Académie de Médecine? elle a peut-être même déjà publié un rapport sur le sujet. Sauf démenti du Premier Ministre, il est permis de penser que c\'est l\'opinion du gouvernement. Et on va em... les malheureux qui fument leur clope sur le trottoir!',NULL,'06/06/2012 13:50',1,0),(12,1,'Alix Padd','artificial','artificial','http://plus.lefigaro.fr/article/cannabis-la-sortie-de-duflot-agite-la-classe-politique-20071031-956752/commentaires?page=1','','Duflot, a lancé ce pavé dans la marre avec l\'accord du gouvernement pour, d\'une certaine façon, prendre la température sociale sur l\'idée émise. Cette femme a exprimé un incongruité de plus, qui montre sa totale irresponsabilité, encouragée par le gouvernement qui l\'a adoubée. Il est clair que cette politique est une grenade dégoupillée qui n\'aurait Jamais jamais dû mettre le bout de ses baskets à l\'Elysée. Espérons qu\'après les législatives, on lui trouvera une remplaçante, parité oblige.',NULL,'06/06/2012 14:50',1,0),(13,1,'Anima783','artificial','artificial','http://plus.lefigaro.fr/article/cannabis-la-sortie-de-duflot-agite-la-classe-politique-20071031-956752/commentaires?page=1','','Non seulement l\'UMP joue une nouvelle fois la peur et la manipulation en amalgamant grossièrement les propos du Duflot avec la ligne du gouvernement, mais en plus l\'UMP tombe une nouvelle fois dans le piège du PS. Ils vont une fois de plus passer pour des réacs qui récitent leur catéchisme sur la répression. De quoi faire fuir bien des électeurs! Il y a urgement besoin de nouvelles idées à l\'UMP.',NULL,'06/06/2012 14:46',1,0),(14,1,'eric quimper','artificial','artificial','http://plus.lefigaro.fr/article/cannabis-la-sortie-de-duflot-agite-la-classe-politique-20071031-956752/commentaires?page=1','','mais qui manipule qui ? la peur ? la crise est réelle Duflot: ce n\'est pas Copé qui a fait cette déclaration tout de même arrêtez de voir des manipulations partout à 5 jours des élections, des déclarations ne sont jamais forfuites...',NULL,'06/06/2012 15:04',13,0),(15,1,'JFAC','artificial','artificial','http://plus.lefigaro.fr/article/cannabis-la-sortie-de-duflot-agite-la-classe-politique-20071031-956752/commentaires?page=1','','Les idées du PS peut être ?',NULL,'06/06/2012 15:06',13,0),(16,1,'MIPER001','artificial','artificial','http://plus.lefigaro.fr/article/cannabis-la-sortie-de-duflot-agite-la-classe-politique-20071031-956752/commentaires?page=1','','Le Premier Ministre, M. Ayrault, vient de dire à la radio que le Gouvernement n\'avait pas pris position sur la question : cela signifierait-il en clair que Mme Duflot ne fait déjà plus partie du Gouvernement ? Le pauvre, il n\'en a pas fini, avec tous ces branquignols d\'écolos et de gauchos !',NULL,'06/06/2012 14:39',1,0),(17,1,'Mickaël834','artificial','artificial','http://plus.lefigaro.fr/article/cannabis-la-sortie-de-duflot-agite-la-classe-politique-20071031-956752/commentaires?page=1','','Ça veux dire que vous êtes manipulé par les médias et que vous savez pas vous renseignez vous même ! Madame Duflot lorsqu\'elle à dit çà à bien préciser que c’était en tant que présidente d\'EELV et non pas de ministre ! Au passage beaucoup de lecteur du figaro on besoin de se renseigner sur le cannabis avant d\'en parler çà leur ferais du bien.',NULL,'06/06/2012 15:07',16,0),(18,1,'Katarina Boraskyaya','artificial','artificial','http://plus.lefigaro.fr/article/cannabis-la-sortie-de-duflot-agite-la-classe-politique-20071031-956752/commentaires?page=1','','Pour moi le nom du parti ne compte pas, ce qui m\'importe c\'est ce qui est fait pour la France - gauche - droite FN aucune importance si cela va dans le sens des bonne prises de décision. Ras le bol des clivages gauche-droite. C\'est vrai que la France ce n\'est ni l\'Allemagne ni la Suisse il y a encore du boulot pour comprendre.',NULL,'06/06/2012 14:05',1,0),(19,1,'elfa','artificial','artificial','http://plus.lefigaro.fr/article/cannabis-la-sortie-de-duflot-agite-la-classe-politique-20071031-956752/commentaires?page=1','','Une honte, cette déclaration! Et si F. Hollande demandait l\'avis de l\'Académie de Médecine? elle a peut-être même déjà publié un rapport sur le sujet. Sauf démenti du Premier Ministre, il est permis de penser que c\'est l\'opinion du gouvernement. Et on va em... les malheureux qui fument leur clope sur le trottoir!',NULL,'06/06/2012 13:50',1,0),(20,1,'Chétal Kouette','artificial','artificial','http://plus.lefigaro.fr/article/cannabis-la-sortie-de-duflot-agite-la-classe-politique-20071031-956752/commentaires?page=1','','Guaino et Bertand qui nous donnent leur point de vue sur la dépénalisation/légalisation de l\'usage du cannabis; autant demander à ma fille de 3 ans si elle préfère boire du Bordeaux ou du Bourgogne!',NULL,'06/06/2012 13:47',1,0),(21,1,'Marx Jean-Michel','artificial','artificial','http://plus.lefigaro.fr/article/cannabis-la-sortie-de-duflot-agite-la-classe-politique-20071031-956752/commentaires?page=1','','C\'était connu depuis les débats de l\'élection présidentielle. Donc, rien de neuf. Passons à autre chose.',NULL,'06/06/2012 13:44',1,0),(22,1,'Aglae 31','artificial','artificial','http://plus.lefigaro.fr/article/cannabis-la-sortie-de-duflot-agite-la-classe-politique-20071031-956752/commentaires?page=1','','@Marx Jean-Michel Mais bien sûr! Quand quelque chose vous gêne : classement sans suite! Le spectacle que vous donnez est à mourir de rire!',NULL,'06/06/2012 14:52',21,0),(23,1,'loic durand','artificial','artificial','http://plus.lefigaro.fr/article/cannabis-la-sortie-de-duflot-agite-la-classe-politique-20071031-956752/commentaires?page=1','','Gaino raconte n\'importe quoi comme à son habitude (les drogues douces conduiraient aux drogues dures! Un vrai politicien celui-là). La droite joue habilement avec les mots pour créer la confusion : dépénalisation et légalisation. Enfin, c\'est la vieille marotte des écolos. Si ça les amuse.',NULL,'06/06/2012 13:44',1,0),(24,1,'jeanne 37','artificial','artificial','http://plus.lefigaro.fr/article/cannabis-la-sortie-de-duflot-agite-la-classe-politique-20071031-956752/commentaires?page=1','','Duflot devrait se calmer car là elle oublie qu\'elle est ministre, mais peut être ne sera t\'elle pas dans le prochain gouvernement, elle l\'aura cherché!!!! elle est totalement irresponsable',NULL,'06/06/2012 13:36',1,0),(25,2,'lefigaro.fr','artificial','artificial','http://www.lefigaro.fr/politique/2012/07/03/01002-20120703ARTFIG00800-ce-qu-il-faut-retenir-du-discours-de-jean-marc-ayrault.php','Ayrault veut conduire le redressement dans la justice','Le premier ministre a dbut son discours sur le thme de la crise budgtaire. Le prsident de la Rpublique a fix le cap: conduire le redressement de notre pays dans la justice, a-t-il commenc. Reprenant le slogan de campagne prsidentiel il a voqu un gouvernement entirement mobilis pour le changement. J\'appelle l\'ensemble de notre peuple  une mobilisation. Je suis ici pour vous appeler  retrouver confiance en notre destin, a-t-il encore lanc. Notre pays s\'est abim moralement. La France, ce sont prs de trois millions de salaris qui ne retrouvent pas de travail. Depuis 2007, la dette a augment de 600 milliards d\'euros. L\'Etat verse prs de 50 milliards d\'euros par an  ses cranciers, la premire dpense. Cette situation je ne l\'accepte pas. Une France endette est une France dpendante, a-t-il ajout.  Je ne suis pas l\'ennemi de l\'argent, mais... Jean-Marc Ayrault s\'est ensuite adress  ceux qui produisent qui dirigent. Mobilisez-vous sans attendre. Aidez la France en crant des emplois, en relevant le dfi productif. Au dessus de l\'argent que l\'on gagne, il y a ce sentiment plus fort, celui de la reconnaissance de ses concitoyens. Je ne suis pas l\'ennemi de l\'argent mais je ne considre pas les gens en fonction de leur revenu. Je n\'accepte pas d\'entendre dnoncer une fiscalit confiscatoire, par ceux-l mme qui s\'autorisent parfois des rmunrations au-del de tout entendement. Le patriotisme, ce n\'est pas fuir la France pour les paradis fiscaux et laisser  ceux qui restent le poids de l\'effort.  L\'appel aux corps intermdiaires Le premier ministre a estim que le changement tait un mouvement port par tous les corps intermdiaires: collectivits locales, partenaires sociaux, associations, ONG.Il est fini le temps des sommets spectacles. Le temps o la concertation n\'tait conue que pour donner l\'apparence du dialogue social  la dcision d\'un seul. (...) Les organisations d\'employeurs et de salaris doivent prendre leurs responsabilits, le gouvernement prendra aussi les siennes.Cet tat d\'esprit nouveau s\'est dj exprim  travers l\'organisation d\'une grande confrence sociale, qui s\'ouvrira dans quelques jours sur l\'emploi, les salaires, l\'avenir du systme de retraites et au redressement productif. Jean-Marc Ayrault a galement voqu l\'ouverture d\'une consultation sur la refondation de l\'cole le 5 juillet, ainsi qu\'une confrence environnementale ds la rentre.  Le refus du tournant de la rigueur S\'il revendique le srieux budgtaire, le premier ministre refuse d\'voquer une quelconque politique de rigueur. J\'ai lu ces derniers jours que le fait de rserver les crations d\'emplois publics aux secteurs prioritaires devait s\'interprter comme un \'tournant de la rigueur\'. Je m\'inscris en faux contre cette affirmation. Les effectifs de l\'Etat connatront une stabilit globale, alors que le prcdent gouvernement les dtruisait massivement. Voil la diffrence!. Notre stratgie sera fixe dans le cadre d\'une loi de programmation des dpenses publiques, qui couvrira les cinq prochaines annes. Cette loi nous engagera sur un retour  l\'quilibre  l\'horizon 2017. Elle tracera ce chemin en faisant la part des efforts demands  chacun: Etat, scurit sociale et collectivits locales. Dsol, cette vido n\'est pas disponible sur votre appareil. brightcove.createExperiences();  Une rforme fiscale visant les plus riches Comme attendu, Jean-Marc Ayrault a dtaill les nouveaux impts qui seront crs pour renflouer les caisses de l\'tat. La matrise des dpenses est indispensable. Elle ne sera pas suffisante. De nouvelles recettes fiscales seront mobilises. La volont de ce gouvernement c\'est de solliciter d\'abord ceux qui jusqu\'ici ont t exonrs de l\'effort collectif, a-t-il expliqu. Et de prciser les contours de la rforme fiscale, qui dbutera ds mercredi avec la prsentation d\'un projet de loi de finances rectificative: fin de l\'allgement de l\'ISF et des droits sur les grosses successions, abrogation du bouclier fiscal et de la hausse programme de la TVA, cration de deux nouvelles tranches d\'imposition  45% et 75% pour les plus riches...  Europe: Il faut retrouver l\'audace des fondateurs! Jean-Marc Ayrault a lanc un appel  la coopration europenne pour venir  bout de la crise budgtaire. L\'heure est venue de rorienter le projet europen. Il n\'y a pas une Europe qui s\'imposerait  tous. L\'Europe est ce que nous en faisons. Il faut retrouver l\'audace des fondateurs. L\'Union a donn la paix  notre continent depuis plus de six dcennies. Ce qui a t fait pour la paix doit l\'tre maintenant pour la prosprit de ses 510 millions d\'habitants, a-t-il assur. Et de rappeller les dcisions prises lors du conseil europen des 28 et 29 juin: un pacte de croissance, la taxe sur les transactions financires, la supervision bancaire et le trait de stabilit budgtaire. Jean-Marc Ayrault a galement rappel que la relation franco-allemande restait le socle de la construction europenne et que Paris et Berlin avaient vocation  permettre  l\'Europe de progresser.  cole, logement, emploi, nuclaire... le rappel des engagements de Franois Hollande Jean-Marc Ayrault a assur que les promesses faites par Franois Hollande lors de sa campagne seront tenues: cration de 60.000 postes dans l\'ducation nationale et de 150.000 emplois d\'avenir, mise en place d\'un pacte gnrationnel associant l\'insertion des jeunes et le maintien des seniors dans l\'emploi, construction annuelle de 500.000 logements - dont 150.000 logements sociaux - relvement du plafond du livret A, dcret encadrant les loyers... La part du nuclaire dans la production d\'lectricit passera de 75%  50%  l\'horizon 2025, a galement promis le premier ministre.  Vers une modernisation de nos insititutions Notre ambition est de promouvoir une Rpublique rnove et de moderniser nos institutions, a dclar le premier ministre. Et de citer les points cls de la rforme institutionnelle qu\'il compte mener: la fin du cumul de mandats pour les parlementaires applicable en 2014, une loi sur l\'audiovisuel avant fin 2012 qui modifiera le mode de dsignation des patrons du secteur public, l\'ouverture du droit de vote pour les lections municipales aux trangers et l\'introduction d\'une part de proportionnelle lors des prochaines lgislatives.  La fermet contre l\'immigration illgale La lutte contre l\'immigration irrgulire et les filires du travail clandestin sera mene avec fermet, a assur le premier ministre. Des rgularisations pourront tre autorises aprs un examen individuel, en fonction de critres prcis, objectifs et qui seront appliqus uniformment sur l\'ensemble du territoire, a-t-il ajout, rappellant que les quotas d\'immigration conomique feront l\'objet d\'un dbat annuel au Parlement. Aucune agence ne notera jamais notre rve, parce qu\'il ne relve que de votre confiance et de celle des Franais. LIRE AUSSI:  Ayrault, la confiance sans enthousiasme  Le discours de politique gnrale, un exercice dlicat  Les communistes s\'abstiendront lors du vote de confiance',NULL,'03/07/2012 17:06',0,1),(26,2,'Dorothee13','artificial','artificial','http://plus.lefigaro.fr/article/ce-quil-faut-retenir-du-discours-de-jean-marc-ayrault-20120703-1004665/commentaires','','C\'est avec ce discours qu\'il v\'a courtiser A.MERKEL !',NULL,'03/07/2012 16:56',25,0),(27,2,'Gerard Meurice','artificial','artificial','http://plus.lefigaro.fr/article/ce-quil-faut-retenir-du-discours-de-jean-marc-ayrault-20120703-1004665/commentaires','','ZAYRAULT POINTE',NULL,'03/07/2012 16:55',25,0),(28,2,'macedoine','artificial','artificial','http://plus.lefigaro.fr/article/ce-quil-faut-retenir-du-discours-de-jean-marc-ayrault-20120703-1004665/commentaires','','\"Aucune agence ne notera jamais notre rêve…\" Oh ! que si, si \"notre rêve\" ruine notre crédit. La phrase est, typiquement, du verbiage.',NULL,'03/07/2012 16:55',25,0),(29,2,'LECOUDUR','artificial','artificial','http://plus.lefigaro.fr/article/ce-quil-faut-retenir-du-discours-de-jean-marc-ayrault-20120703-1004665/commentaires','','Le discours je l\'ai regardé assis sur les toilettes avec ma Télé portable et je me suis attrapé une cagarette de première et j\'y suis encore (..) .',NULL,'03/07/2012 16:52',25,0),(30,2,'isabelle2008','artificial','artificial','http://plus.lefigaro.fr/article/ce-quil-faut-retenir-du-discours-de-jean-marc-ayrault-20120703-1004665/commentaires','','Ce discours est une guirlande de voeux pieux. C\'est le programme de Hollande pour la présidentielle sans changer une virgule, malgré la dégradation de la situation économique européenne depuis quelques mois. Rien sur la baisse drastique des dépenses publiques, sur les recommandations de la Cour des Comptes comme la hausse prévisible de la TVA. Les \"super riches\" font leurs valises, donc la taxe à 75% rapportera 0 euros. Les classes aisées évaluent les options pour éviter d\'être tondus comme des moutons, pour financer les engagements de ce gouvernement. Anecdote : l\'acteur Omar Sy, le héros d\'Intouchables, qui va voir ses revenus particulièrement augmenter cette année à cause du succès international du film, a annoncé qu\'il quittait la France avec sa famille en Aout prochain pour Los Angeles ! Quant au vote des étrangers, comme la gauche n\'a pas la majorité requise des 3/5 du Congrès (Assemblée + Sénat) pour modifier la constitution, il faudra passer par un référendum : trop dangereux pour le gouvernement, donc cela ne se fera pas ! Ce pays me désespère de plus en plus. Je commence sincèrement à m\'éloigner de ce pays, non pas physiquement (pour l\'instant), mais par la pensée !',NULL,'03/07/2012 16:50',25,0),(31,2,'macedoine','artificial','artificial','http://plus.lefigaro.fr/article/ce-quil-faut-retenir-du-discours-de-jean-marc-ayrault-20120703-1004665/commentaires','','Qu\'il relise Helvetius – chez qui l\'on trouve pourtant déjà tous les thèmes qui feront la Révolution française – et il verra à quel point ses propos sont utopiques. Il ne suffit pas de fuir les mots qui gênent pour que disparaisse la gêne. Qu\'il nous montre le chapeau de Hollande, s\'il le peut… il l\'a déjà mangé, dans la réalité.',NULL,'03/07/2012 16:37',25,0),(32,2,'adrien fret','artificial','artificial','http://plus.lefigaro.fr/article/ce-quil-faut-retenir-du-discours-de-jean-marc-ayrault-20120703-1004665/commentaires','','Près de deux mois après l\'election, ils tirent encore les ficelles de l\'antisarkozysme...',NULL,'03/07/2012 16:24',25,0),(33,2,'Michel B','artificial','artificial','http://plus.lefigaro.fr/article/ce-quil-faut-retenir-du-discours-de-jean-marc-ayrault-20120703-1004665/commentaires','','Zayrault pointé ! Nous voilà dans la mouise pour un bon bout de temps. Discours nul, fade, ennuyeux, contraire aux intérêts de la France, à l\'image du capitaine de pédalo et de son équipe de bras cassés. Comme disait Angela Merkel il y a peu \"la médiocrté\" !! Eh bien, la médiocrité, c\'est maintenant !',NULL,'03/07/2012 16:24',25,0),(34,2,'Oli38','artificial','artificial','http://plus.lefigaro.fr/article/ce-quil-faut-retenir-du-discours-de-jean-marc-ayrault-20120703-1004665/commentaires','','allo? la campagne, c\'est termine... Appeler \"ceux qui produisent et dirigent\" a \"relever le defi productif\" en leur pormettant un coup de bambou fiscal, c\'est quand meme le summun de la betise.',NULL,'03/07/2012 16:22',25,0),(35,2,'Nil novi sub sole','artificial','artificial','http://plus.lefigaro.fr/article/ce-quil-faut-retenir-du-discours-de-jean-marc-ayrault-20120703-1004665/commentaires','','Mais oui, créez des emplois ! vous aurez la reconnaissance de vos concitoyens, en particulier de tous ceux qui profiteront des impôts redistribués par Ayrault et sa clique sous la placide direction du bonhomme Hollande. Le patriotisme, c\'est vouloir se faire tondre !',NULL,'03/07/2012 16:21',25,0),(36,2,'antoine.v','artificial','artificial','http://plus.lefigaro.fr/articlesdv/20120703ARTFIG00800/commentaires?page=1&anonymous=0&comment=enfin%20un%20discours%20plein%20de%20bon%20sens...&form_id=comment_form&op=Valider','','Les Français préfèrent du boulot plutôt que des ajustements fiscaux qui de toute façon n\'auront qu\'un impact limité à cause d\'un arrêt brutal de la fameuse croissance! Cette croissance qui dépend surtout de l\'état des PME et de la confiance de leurs dirigeants qui est en chute libre...',NULL,'03/07/2012 16:21',25,0),(37,2,'Nil novi sub sole','artificial','artificial','http://plus.lefigaro.fr/articlesdv/20120703ARTFIG00800/commentaires?page=1&anonymous=0&comment=enfin%20un%20discours%20plein%20de%20bon%20sens...&form_id=comment_form&op=Valider','','Je suis d\'accord avec lui sur un point : je fais confiance au destin... mais pas à Hollande, ni à Ayrault !',NULL,'03/07/2012 16:20',25,0),(38,2,'eurydice001','artificial','artificial','http://plus.lefigaro.fr/articlesdv/20120703ARTFIG00800/commentaires?page=1&anonymous=0&comment=enfin%20un%20discours%20plein%20de%20bon%20sens...&form_id=comment_form&op=Valider','','Il faut avoir les nerfs solides pour écouter ce discours rétrograde ,bien dans la lignée socialiste,j\'ai coupé pou regarder un dessin animé !!ça soulage un peu.',NULL,'03/07/2012 16:19',25,0),(39,2,'gloup75','artificial','artificial','http://plus.lefigaro.fr/articlesdv/20120703ARTFIG00800/commentaires?page=1&anonymous=0&comment=enfin%20un%20discours%20plein%20de%20bon%20sens...&form_id=comment_form&op=Valider','','Stabilité de l\'effectif, hausse des impôts .... Aucun changement donc ... du tout à fait \"Normal\"... On va donc déplacer vers ici les effectifs en surnombre qui sont là, la masse salariale restera toujours la même ... Où est la réduction des dépenses ?',NULL,'03/07/2012 16:19',25,0),(40,2,'delorme philippe','artificial','artificial','http://plus.lefigaro.fr/articlesdv/20120703ARTFIG00800/commentaires?page=1&anonymous=0&comment=enfin%20un%20discours%20plein%20de%20bon%20sens...&form_id=comment_form&op=Valider','','Quel baratin : Des mesures pour plus de justice ! Les socialistes ne savent faire qu\'une chose : Augmenter les impôts, punir toujours plus ceux qui gagnent au dessus du SMIC, considérant ainsi qu\'il est injuste de gagner de l\'argent. La justice selon la bande à Hollande, c\'est faire payer une partie de la population pour continuer à payer la gabégie des dépenses et les profiteurs du système. La vérité, c\'est que les socialistes ont une seule et unique conception de la politique : l\'electoralisme , dans le seul but de maintenir leurs privilèges acquis par le pouvoir qu\'il faut garder à tout prix. La \"justice\" n\'est là que pour nous faire gober les choses. Car tout est dans la communication On va faire crever par ces mesures dites de justice les entreprises et les investisseurs, en mettant au passage au chômage des millions de personnes. Mais on met en place un ministère du redressement productif ! On va danser le Sirtakis au pantheon dans peu de temps !',NULL,'03/07/2012 16:19',25,0),(41,2,'Poil-a-gratter','artificial','artificial','http://plus.lefigaro.fr/articlesdv/20120703ARTFIG00800/commentaires?page=1&anonymous=0&comment=enfin%20un%20discours%20plein%20de%20bon%20sens...&form_id=comment_form&op=Valider','','Dans moins de un an tout ces politicards et ce gouvernement de pieds nickelés et de bras cassés seront balayés et finiront dans les poubelles de la politique comme tellement avant eux. Qui se souviendra encore de ce discours et de ce premier ministre sans aucun relief fait seulement de vaines promesses et d\'illusions. Le président \"normal Moi Je\" lui sera tenu pour le principal responsable de l\'effondrement total et final de la France en pays de seconde zone !!!!!!!!',NULL,'03/07/2012 16:18',25,0),(42,2,'jeanma86001','artificial','artificial','http://plus.lefigaro.fr/articlesdv/20120703ARTFIG00800/commentaires?page=1&anonymous=0&comment=enfin%20un%20discours%20plein%20de%20bon%20sens...&form_id=comment_form&op=Valider','','Ayrault veut « conduire le redressement dans la justice ». Il doit commencer par le redressement DE la justice. La \"justice\" de la gauche c\'est presser encore les mêmes citrons que sont les travailleurs de tous niveaux et d\'arroser ses électeurs, de toutes couleurs. Pauvre Ayrault, toujours aussi peu clair dans son bas niveau.',NULL,'03/07/2012 16:17',25,0),(43,2,'triplecroche','artificial','artificial','http://plus.lefigaro.fr/articlesdv/20120703ARTFIG00800/commentaires?page=1&anonymous=0&comment=enfin%20un%20discours%20plein%20de%20bon%20sens...&form_id=comment_form&op=Valider','','\"Aidez la France en créant des emplois, en relevant le défi productif. Au dessus de l\'argent que l\'on gagne, il y a ce sentiment plus fort, celui de la reconnaissance de ses concitoyens.\" Ce sont de belles paroles mais dans les faits les entrepreneurs sont considérés comme des vaches à lait ! A quoi bon prendre des risques si c\'est pour en verser le retour sur investissement à l\'Etat ! Ce n\'est pas une hypothétique reconnaissance d\'ont on n\'a rien à faire d\'ailleurs qui fait tourner une entreprise mais son carnet de commande , plus il se vide moins il y a d\'emplois. Notre Hollande national nous dit croissance croissance son premier ministre nous conduit droit à la récession.',NULL,'03/07/2012 16:16',25,0),(44,2,'pb03','artificial','artificial','http://plus.lefigaro.fr/articlesdv/20120703ARTFIG00800/commentaires?page=1&anonymous=0&comment=enfin%20un%20discours%20plein%20de%20bon%20sens...&form_id=comment_form&op=Valider','','Ah ça nous change des paradeurs prenant tout le monde pour des andouilles!! Justice, équité, ces mots depuis trop longtemps disparus reviennent en force et prennent enfin tout leur sens dans notre République, négligente envers son peuple depuis 5 trop longues années',NULL,'03/07/2012 16:09',25,0),(45,2,'Jean Bombeur','artificial','artificial','http://plus.lefigaro.fr/articlesdv/20120703ARTFIG00800/commentaires?page=1&anonymous=0&comment=enfin%20un%20discours%20plein%20de%20bon%20sens...&form_id=comment_form&op=Valider','','Tous les jours, 10 amis se retrouvent pour boire une bière. L’addition totale se monte à 100 euros.. Normalement, cela ferait 10 euros par personne. Mais nos dix amis payaient cette facture selon une répartition qui s’inspire du calcul de l’impôt sur le revenu, ce qui donna à peu près ceci : - Les 4 premiers (les plus pauvres !?), ne paieraient rien. - Le cinquième payait 1 euro - Le sixième payait 3 euros - Le septième payait 7 euros - Le huitième payait 12 euros - Le neuvième payait 18 euros - Le dernier (le plus riche ) payait donc 59 euros. Les dix hommes se retrouvaient chaque jour pour boire leur bière et semblaient assez contents de leur arrangement. Jusqu’au jour où le tenancier les plaça devant un dilemme : « Comme vous êtes de bons clients, dit-il, j’ai décidé de vous faire une remise de 20 euros sur la facture totale. Vous ne payerez donc désormais vos 10 bières que 80 euros. » Le groupe décida de continuer à payer la nouvelle somme de la même façon qu’ils auraient payé leurs taxes. Les quatre premiers continuèrent à boire gratuitement. Mais comment les six autres, (les clients payants), allaient diviser les 20 euros de remise de façon équitable ? Ils réalisèrent que 20 euros divisés par 6 faisaient 3,33 euros. Mais s’ils soustrayaient cette somme de leur partage alors le 5ème et 6ème homme devraient être payés pour boire leur bière. Le tenancier du bar suggéra qu’il serait plus équitable de réduire l’addition de chacun d’un pourcentage du même ordre, il fit donc les calculs. Ce qui donna à peu près ceci : - Le 5ème homme, comme les quatre premiers ne paya plus rien. (un pauvre de plus ? ) - Le 6ème paya 2 euros au lieu de 3 (33% réduction) - Le 7ème paya 5 euros au lieu de 7 (28% de réduction) - Le 8ème paya 9 euros au lieu de 12 (25% de réduction) - Le 9ème paya 14 euros au lieu de 18 (22% de réduction) - Le 10ème paya 50 euros au lieu de 59 euros (16% de réduction) Chacun des six « payants » paya moins qu’avant et les 4 premiers continuèrent à boire gratuitement. Mais une fois hors du bar, chacun compara son économie : - « J’ai seulement eu 1 euro sur les 20 euros de remise », dit le 6ème, il désigna le 10ème « lui, il a eu 9 euros ». - « Ouais ! dit le 5ème, j’ai seulement eu 1 euro d’économie » « C’est vrai ! » s’exclama le 7ème, « pourquoi aurait- il 9 euros alors que je n’en ai eu que 2 ? Le plus riche a eu le plus gros de la réduction » - « Attendez une minute » cria le 1er homme, « nous quatre n’avons rien eu du tout nous. Le système exploite les pauvres ». Les 9 hommes cernèrent le 10ème et l’insultèrent. La nuit suivante le 10ème homme (le plus riche ) ne vint pas. Les neuf autres s’assirent et burent leur bière sans lui. Mais quant vint le moment de payer leur note ils découvrirent quelque chose d’important : ils n’avaient pas assez d’argent pour payer ne serait-ce que la moitié de l’addition ! Ceci est le strict reflet de notre système d’imposition. Les gens qui payent le plus de taxes tirent le plus de bénéfice d’une réduction de taxe. Taxez les plus forts , accusez-les d’être riches et ils risquent de ne plus se montrer désormais. En fait ils pourraient commencer à aller boire à l’étranger…',NULL,'03/07/2012 16:09',25,0),(46,2,'dk7','artificial','artificial','http://plus.lefigaro.fr/articlesdv/20120703ARTFIG00800/commentaires?page=2&anonymous=0&comment=Et%20toujours%20aucune%20info%20sur%20les%20perquisitions%20en%20cours%20aux%20domiciles%20de%20Sarkozy.%20Bizarre.%20Le%20Monde%20a%20sorti%20l%27info%20depuis%2030%20MINUTES%20et%20toujours%20rien%20ici%20%21%20Etrange%20%21%20%0D%0A%0D%0A%20%20%20AE.1%20&form_id=comment_form&op=Valider','','Ils n\'ont que le mot justice à la bouche, et pourtant ,ce sont les travailleurs Français qui vont encore payer pour subvenonner l\'assistanat,les fonctionnaires ,les sans papiers et les \" chances \" ...',NULL,'03/07/2012 16:08',25,0),(47,2,'philippe serin','artificial','artificial','http://plus.lefigaro.fr/articlesdv/20120703ARTFIG00800/commentaires?page=2&anonymous=0&comment=Et%20toujours%20aucune%20info%20sur%20les%20perquisitions%20en%20cours%20aux%20domiciles%20de%20Sarkozy.%20Bizarre.%20Le%20Monde%20a%20sorti%20l%27info%20depuis%2030%20MINUTES%20et%20toujours%20rien%20ici%20%21%20Etrange%20%21%20%0D%0A%0D%0A%20%20%20AE.1%20&form_id=comment_form&op=Valider','','BJ,il est completement nase ce 1er sinistre,il demande la confiance du parlement alors que son partie à la majorité absolue,il veut prendre 65 millions de Français pour des cons car bien sur que son partie va voté là confiance et meme si \"l\'opposition\" votaient contre étant que le PS à la majorité absolue il y aurait une majorité de OUI.nul.',NULL,'03/07/2012 16:05',25,0),(48,2,'ercodi','artificial','artificial','http://plus.lefigaro.fr/articlesdv/20120703ARTFIG00800/commentaires?page=2&anonymous=0&comment=Et%20toujours%20aucune%20info%20sur%20les%20perquisitions%20en%20cours%20aux%20domiciles%20de%20Sarkozy.%20Bizarre.%20Le%20Monde%20a%20sorti%20l%27info%20depuis%2030%20MINUTES%20et%20toujours%20rien%20ici%20%21%20Etrange%20%21%20%0D%0A%0D%0A%20%20%20AE.1%20&form_id=comment_form&op=Valider','','du vide.des critiques pour le gouvernement précedent mais rien de concret.A noter dorenavant les soins entièrement gratuits pour les sans papiers.que du bonheur .Franchissez les frontières en France on rase gratis',NULL,'03/07/2012 16:05',25,0),(49,2,'ercodi','artificial','artificial','http://plus.lefigaro.fr/articlesdv/20120703ARTFIG00800/commentaires?page=2&anonymous=0&comment=Et%20toujours%20aucune%20info%20sur%20les%20perquisitions%20en%20cours%20aux%20domiciles%20de%20Sarkozy.%20Bizarre.%20Le%20Monde%20a%20sorti%20l%27info%20depuis%2030%20MINUTES%20et%20toujours%20rien%20ici%20%21%20Etrange%20%21%20%0D%0A%0D%0A%20%20%20AE.1%20&form_id=comment_form&op=Valider','','du vide.des critiques pour le gouvernement précedent mais rien de concret.A noter dorenavant les soins entièrement gratuits pour les sans papiers.que du bonheur .Franchissez les frontières en France on rase gratis',NULL,'03/07/2012 16:05',25,0),(50,2,'Biker85','artificial','artificial','http://plus.lefigaro.fr/articlesdv/20120703ARTFIG00800/commentaires?page=2&anonymous=0&comment=Et%20toujours%20aucune%20info%20sur%20les%20perquisitions%20en%20cours%20aux%20domiciles%20de%20Sarkozy.%20Bizarre.%20Le%20Monde%20a%20sorti%20l%27info%20depuis%2030%20MINUTES%20et%20toujours%20rien%20ici%20%21%20Etrange%20%21%20%0D%0A%0D%0A%20%20%20AE.1%20&form_id=comment_form&op=Valider','','Z\'Ayrault, soporifique et inconsistant comme on le connaît déjà... ! Donc fidèle à lui-même... Il ne risque pas de faire de l\'ombre à son mentor, \"Moi-je 1er\" par la clarté de ses propos et la \"lumière\" dont il fait preuve !',NULL,'03/07/2012 16:04',25,0),(51,2,'squirrel','artificial','artificial','http://plus.lefigaro.fr/articlesdv/20120703ARTFIG00800/commentaires?page=2&anonymous=0&comment=Et%20toujours%20aucune%20info%20sur%20les%20perquisitions%20en%20cours%20aux%20domiciles%20de%20Sarkozy.%20Bizarre.%20Le%20Monde%20a%20sorti%20l%27info%20depuis%2030%20MINUTES%20et%20toujours%20rien%20ici%20%21%20Etrange%20%21%20%0D%0A%0D%0A%20%20%20AE.1%20&form_id=comment_form&op=Valider','','Où est la justice lorsqu\'on veut faire payer des francais expatriées qui ne se servent pas des services sociaux (via CSG) et exempter des illégaux qui eux pompent dessus ? Personnellement j\'appelle cela de l\'injustice, la plus flagrante qui plus est ! Bravo Hollande et consorts, en moins que quelques mois, vous avez déjà menti quelques fois.',NULL,'03/07/2012 16:02',25,0),(52,2,'jungmat','artificial','artificial','http://plus.lefigaro.fr/articlesdv/20120703ARTFIG00800/commentaires?page=2&anonymous=0&comment=Et%20toujours%20aucune%20info%20sur%20les%20perquisitions%20en%20cours%20aux%20domiciles%20de%20Sarkozy.%20Bizarre.%20Le%20Monde%20a%20sorti%20l%27info%20depuis%2030%20MINUTES%20et%20toujours%20rien%20ici%20%21%20Etrange%20%21%20%0D%0A%0D%0A%20%20%20AE.1%20&form_id=comment_form&op=Valider','','que des contradictions !',NULL,'03/07/2012 16:02',25,0),(53,2,'sale bête','artificial','artificial','http://plus.lefigaro.fr/articlesdv/20120703ARTFIG00800/commentaires?page=2&anonymous=0&comment=Et%20toujours%20aucune%20info%20sur%20les%20perquisitions%20en%20cours%20aux%20domiciles%20de%20Sarkozy.%20Bizarre.%20Le%20Monde%20a%20sorti%20l%27info%20depuis%2030%20MINUTES%20et%20toujours%20rien%20ici%20%21%20Etrange%20%21%20%0D%0A%0D%0A%20%20%20AE.1%20&form_id=comment_form&op=Valider','','Serait il encore plus......que son chef?',NULL,'03/07/2012 16:01',25,0),(54,2,'Claude BESNIER','artificial','artificial','http://plus.lefigaro.fr/articlesdv/20120703ARTFIG00800/commentaires?page=2&anonymous=0&comment=Et%20toujours%20aucune%20info%20sur%20les%20perquisitions%20en%20cours%20aux%20domiciles%20de%20Sarkozy.%20Bizarre.%20Le%20Monde%20a%20sorti%20l%27info%20depuis%2030%20MINUTES%20et%20toujours%20rien%20ici%20%21%20Etrange%20%21%20%0D%0A%0D%0A%20%20%20AE.1%20&form_id=comment_form&op=Valider','','Le gouvernement fait déjà fausse route en prévoyant de 2000 postes en CDI au pôle emploi, comme l\'avait prévu Nicolas Sarkozy il faut former les travailleurs à de nouveaux métiers ou la demande existe, ce ne sont pas les nouvelles recrues du pôle emploi qui apporteront des spécialisations nécessaires aux demandeurs inscrits',NULL,'03/07/2012 16:00',25,0),(55,2,'Pierre Dupuis 1','artificial','artificial','http://plus.lefigaro.fr/articlesdv/20120703ARTFIG00800/commentaires?page=2&anonymous=0&comment=Et%20toujours%20aucune%20info%20sur%20les%20perquisitions%20en%20cours%20aux%20domiciles%20de%20Sarkozy.%20Bizarre.%20Le%20Monde%20a%20sorti%20l%27info%20depuis%2030%20MINUTES%20et%20toujours%20rien%20ici%20%21%20Etrange%20%21%20%0D%0A%0D%0A%20%20%20AE.1%20&form_id=comment_form&op=Valider','','\"Aidez la France en créant des emplois\" J\'ai viré tout mon personnel, j\'ai fermé mon entreprise, et je ne suis pas prêt de recommencer , haha ! Quelle tranquillité d\'esprit .. D\'ailleurs, c\'est Hollande qui a promis d\'embaucher, pas moi !',NULL,'03/07/2012 16:00',25,0),(56,2,'Pierre Dupuis 1','artificial','artificial','http://plus.lefigaro.fr/articlesdv/20120703ARTFIG00800/commentaires?page=3&anonymous=0&comment=Et%20toujours%20aucune%20info%20sur%20les%20perquisitions%20en%20cours%20aux%20domiciles%20de%20Sarkozy.%20Bizarre.%20Le%20Monde%20a%20sorti%20l%27info%20depuis%2030%20MINUTES%20et%20toujours%20rien%20ici%20%21%20Etrange%20%21%20%0D%0A%0D%0A%20%20%20AE.1%20&form_id=comment_form&op=Valider','','\"Aidez la France en créant des emplois\" J\'ai viré tout mon personnel, j\'ai fermé mon entreprise, et je ne suis pas prêt de recommencer , haha ! Quelle tranquillité d\'esprit .. D\'ailleurs, c\'est Hollande qui a promis d\'embaucher, pas moi !',NULL,'03/07/2012 16:00',25,0),(57,2,'plmv66@free.fr','artificial','artificial','http://plus.lefigaro.fr/articlesdv/20120703ARTFIG00800/commentaires?page=3&anonymous=0&comment=Et%20toujours%20aucune%20info%20sur%20les%20perquisitions%20en%20cours%20aux%20domiciles%20de%20Sarkozy.%20Bizarre.%20Le%20Monde%20a%20sorti%20l%27info%20depuis%2030%20MINUTES%20et%20toujours%20rien%20ici%20%21%20Etrange%20%21%20%0D%0A%0D%0A%20%20%20AE.1%20&form_id=comment_form&op=Valider','','Mr Ayrault n\'a d\'autres références que le socialisme d\'avant guerre. Dans lopposition il fustigeait la crise; aujourd\'hui elle est pour lui un pretexte pour, en arrière plan tenter une sicialisatin impossible; dans 5 ans on découvtira qu\'il y a plus de riches et de pauvres, car il faut des riches pour payer des impôts, et ces gens savent comment faire pour maintenir leur pouvoir d\'achat, et les pauvres devront payer plus cher la \"chère\" croissance de notre Président normal',NULL,'03/07/2012 15:59',25,0),(58,2,'Stéphane Baudry','artificial','artificial','http://plus.lefigaro.fr/articlesdv/20120703ARTFIG00800/commentaires?page=3&anonymous=0&comment=Et%20toujours%20aucune%20info%20sur%20les%20perquisitions%20en%20cours%20aux%20domiciles%20de%20Sarkozy.%20Bizarre.%20Le%20Monde%20a%20sorti%20l%27info%20depuis%2030%20MINUTES%20et%20toujours%20rien%20ici%20%21%20Etrange%20%21%20%0D%0A%0D%0A%20%20%20AE.1%20&form_id=comment_form&op=Valider','','J\'attends d\'un gouvernement qu\'il ne se défausse pas de son manque de compétences de gestion et de courage en faisant toujours et encore la campagne de l\'anti quelque chose. Ce n\'est pas un projet, ce n\'est pas du courage, ce n\'est pas du patriotisme. La rage taxatoire fera fuir les capitaux pour des cieux plus cléments (et c\'est déjà le cas massivement) il faut avoir le courage de dire que c\'est la classe moyenne et moyenne plus qui va sérieusement déguster et donc qui va cesser de consommer. Le courage c\'est aussi d\'arrêter la démagogie et d\'assumer son rôle.',NULL,'03/07/2012 15:54',25,0),(59,2,'mistophore','artificial','artificial','http://plus.lefigaro.fr/articlesdv/20120703ARTFIG00800/commentaires?page=3&anonymous=0&comment=Et%20toujours%20aucune%20info%20sur%20les%20perquisitions%20en%20cours%20aux%20domiciles%20de%20Sarkozy.%20Bizarre.%20Le%20Monde%20a%20sorti%20l%27info%20depuis%2030%20MINUTES%20et%20toujours%20rien%20ici%20%21%20Etrange%20%21%20%0D%0A%0D%0A%20%20%20AE.1%20&form_id=comment_form&op=Valider','','Il a rappelé l\'existence des vieilles lunes socialistes qui sont toujours vivantes et qui conduiront le pays vers son destin juste.',NULL,'03/07/2012 15:53',25,0),(60,2,'isabelle2008','artificial','artificial','http://plus.lefigaro.fr/articlesdv/20120703ARTFIG00800/commentaires?page=3&anonymous=0&comment=Et%20toujours%20aucune%20info%20sur%20les%20perquisitions%20en%20cours%20aux%20domiciles%20de%20Sarkozy.%20Bizarre.%20Le%20Monde%20a%20sorti%20l%27info%20depuis%2030%20MINUTES%20et%20toujours%20rien%20ici%20%21%20Etrange%20%21%20%0D%0A%0D%0A%20%20%20AE.1%20&form_id=comment_form&op=Valider','','A part ce que l\'on connait déjà (comme la tranche à 45% et à 75%), rien de précis. Que des banalités, des généralités, c\'est à pleurer !',NULL,'03/07/2012 15:53',25,0),(61,2,'namala','artificial','artificial','http://plus.lefigaro.fr/articlesdv/20120703ARTFIG00800/commentaires?page=3&anonymous=0&comment=Et%20toujours%20aucune%20info%20sur%20les%20perquisitions%20en%20cours%20aux%20domiciles%20de%20Sarkozy.%20Bizarre.%20Le%20Monde%20a%20sorti%20l%27info%20depuis%2030%20MINUTES%20et%20toujours%20rien%20ici%20%21%20Etrange%20%21%20%0D%0A%0D%0A%20%20%20AE.1%20&form_id=comment_form&op=Valider','','éléments de langage de l\'UMP !',NULL,'03/07/2012 16:12',60,0),(62,2,'sardanapale19','artificial','artificial','http://plus.lefigaro.fr/articlesdv/20120703ARTFIG00800/commentaires?page=3&anonymous=0&comment=Et%20toujours%20aucune%20info%20sur%20les%20perquisitions%20en%20cours%20aux%20domiciles%20de%20Sarkozy.%20Bizarre.%20Le%20Monde%20a%20sorti%20l%27info%20depuis%2030%20MINUTES%20et%20toujours%20rien%20ici%20%21%20Etrange%20%21%20%0D%0A%0D%0A%20%20%20AE.1%20&form_id=comment_form&op=Valider','','Dans ce contexte politique , ma décision est simple ; report d\'investissement , pas d\'embauche , réduction des heures et des services . Différer les dépenses . Grève du zèle , inutile de travailler pour rien ou presque . Je ne serai sans doute pas le seul à faire ainsi .',NULL,'03/07/2012 15:53',25,0),(63,2,'MMO69','artificial','artificial','http://plus.lefigaro.fr/articlesdv/20120703ARTFIG00800/commentaires?page=3&anonymous=0&comment=Et%20toujours%20aucune%20info%20sur%20les%20perquisitions%20en%20cours%20aux%20domiciles%20de%20Sarkozy.%20Bizarre.%20Le%20Monde%20a%20sorti%20l%27info%20depuis%2030%20MINUTES%20et%20toujours%20rien%20ici%20%21%20Etrange%20%21%20%0D%0A%0D%0A%20%20%20AE.1%20&form_id=comment_form&op=Valider','','Si cet article résume bien le discours, sincèrement il n\'y a rien dans ce discours! Si ce n\'est une nouvelle menace arbitraire aux \"patrons trop payés\"! Dogmatisme, idéologisme, étroitesse de vue, séctarisme,.... Mais qu\'y a t il sur le fond? RIEN! Appeler au dialogue, c\'est bien mais pour quel enjeu, pour quelle cible? Refuser de baisser le nombre, ou le coût, des fonctionnaires? ..... Triste, triste, Tr.....',NULL,'03/07/2012 15:52',25,0),(64,2,'Pierre Dupuis 1','artificial','artificial','http://plus.lefigaro.fr/articlesdv/20120703ARTFIG00800/commentaires?page=3&anonymous=0&comment=Et%20toujours%20aucune%20info%20sur%20les%20perquisitions%20en%20cours%20aux%20domiciles%20de%20Sarkozy.%20Bizarre.%20Le%20Monde%20a%20sorti%20l%27info%20depuis%2030%20MINUTES%20et%20toujours%20rien%20ici%20%21%20Etrange%20%21%20%0D%0A%0D%0A%20%20%20AE.1%20&form_id=comment_form&op=Valider','','Nous on veut de grosses augmentations de salaire, la retraite à 60 ans, et 0% de chômage !! Comme promis ! Le reste, on s\'en fout !',NULL,'03/07/2012 15:51',25,0),(65,2,'emile hessler','artificial','artificial','http://plus.lefigaro.fr/articlesdv/20120703ARTFIG00800/commentaires?page=3&anonymous=0&comment=Et%20toujours%20aucune%20info%20sur%20les%20perquisitions%20en%20cours%20aux%20domiciles%20de%20Sarkozy.%20Bizarre.%20Le%20Monde%20a%20sorti%20l%27info%20depuis%2030%20MINUTES%20et%20toujours%20rien%20ici%20%21%20Etrange%20%21%20%0D%0A%0D%0A%20%20%20AE.1%20&form_id=comment_form&op=Valider','','LE MONOLOGUE DE POLITIQUE LA TRISTESSE AU POUVOIR C\'EST L\'EQUIPE DE FRANCE BIS DE FOOT !!!',NULL,'03/07/2012 15:50',25,0),(66,2,'tictictac2012','artificial','artificial','http://plus.lefigaro.fr/articlesdv/20120703ARTFIG00800/commentaires?page=3&anonymous=0&comment=Et%20toujours%20aucune%20info%20sur%20les%20perquisitions%20en%20cours%20aux%20domiciles%20de%20Sarkozy.%20Bizarre.%20Le%20Monde%20a%20sorti%20l%27info%20depuis%2030%20MINUTES%20et%20toujours%20rien%20ici%20%21%20Etrange%20%21%20%0D%0A%0D%0A%20%20%20AE.1%20&form_id=comment_form&op=Valider','','Je sais pas vous, mais moi je n\'en peux plus d\'entendre les mots \"redressement dans la justice sociale\" venant de leurs parts, ça sonne tellement faux.',NULL,'03/07/2012 15:50',25,0),(67,2,'lulu22','artificial','artificial','http://plus.lefigaro.fr/articlesdv/20120703ARTFIG00800/commentaires?page=4&comment=C%27est%20un%20discours%20Bla%20bla%20qui%20dit%20tout%20et%20son%20contraire%20...%20Le%20chien%20est%20bien%20%E0%20l%27image%20son%20ma%EEtre%20...&figaro_commentaires_email=tram16m%40aliceadsl.fr&form_id=comment_form&op=Valider','','La justice socialiste c\'est travailler plus pour gagner beaucoup moins ! C\'est une version de la justice qui n\'a rien de juste ! Il n\'y aura pas beaucoup d\'adherent pour ce mouvement....',NULL,'03/07/2012 15:47',25,0),(68,2,'Stéphane Baudry','artificial','artificial','http://plus.lefigaro.fr/articlesdv/20120703ARTFIG00800/commentaires?page=4&comment=C%27est%20un%20discours%20Bla%20bla%20qui%20dit%20tout%20et%20son%20contraire%20...%20Le%20chien%20est%20bien%20%E0%20l%27image%20son%20ma%EEtre%20...&figaro_commentaires_email=tram16m%40aliceadsl.fr&form_id=comment_form&op=Valider','','Ben, je ne connais personne qui dirait \"conduire le redressement dans l\'injustice\" c\'est d\'un banal. La question est qu\'est ce que la justice pour la gauche? et là on va comprendre pourquoi les français ont été bernés.',NULL,'03/07/2012 15:46',25,0),(69,2,'Cherry blossom','artificial','artificial','http://plus.lefigaro.fr/articlesdv/20120703ARTFIG00800/commentaires?page=4&comment=C%27est%20un%20discours%20Bla%20bla%20qui%20dit%20tout%20et%20son%20contraire%20...%20Le%20chien%20est%20bien%20%E0%20l%27image%20son%20ma%EEtre%20...&figaro_commentaires_email=tram16m%40aliceadsl.fr&form_id=comment_form&op=Valider','','Mon Dieu qu\'il est ennuyeux, qu\'il parle mal ! aucun charisme et en plus il ment.....',NULL,'03/07/2012 15:45',25,0),(70,2,'christ christ','artificial','artificial','http://plus.lefigaro.fr/articlesdv/20120703ARTFIG00800/commentaires?page=4&comment=C%27est%20un%20discours%20Bla%20bla%20qui%20dit%20tout%20et%20son%20contraire%20...%20Le%20chien%20est%20bien%20%E0%20l%27image%20son%20ma%EEtre%20...&figaro_commentaires_email=tram16m%40aliceadsl.fr&form_id=comment_form&op=Valider','','conduire le redressement de notre pays dans la justice», l\'audit de la Cour des comptes sur la situation de la France, le discours de politique L\'intelligence artificielle poètes poètes de balades moi je vous aime tousse Une prière pour nos frères et sœurs professeur en paranormal la politique de la ville les trésor gâche des villes monde perdu folie douce caca popo sa roulle toto Le biogaz est le gaz produit par la fermentation de matières organiques du caca popo de l\'homme animales ou végétales en l\'absence d\'oxygène. Cette fermentation appelée aussi ...Au Brésil, on roule grâce aux égouts. La ville de Franca a décidé de récupérer le méthane qui s\'en échappe pour faire rouler ses voitures.I\'environnemerrr tour rejet effectué dans un système d\'égour dom les eaux usses .... je veux plus être malade et tué les autre je veux roullè au biogaz',NULL,'03/07/2012 15:45',25,0),(71,2,'L\'AMIRAL BLEU','artificial','artificial','http://plus.lefigaro.fr/articlesdv/20120703ARTFIG00800/commentaires?page=4&comment=C%27est%20un%20discours%20Bla%20bla%20qui%20dit%20tout%20et%20son%20contraire%20...%20Le%20chien%20est%20bien%20%E0%20l%27image%20son%20ma%EEtre%20...&figaro_commentaires_email=tram16m%40aliceadsl.fr&form_id=comment_form&op=Valider','','La justice c\'est de faire payer les riches, ceux qui prennent des risques pour les autres, ceux qui se s\'acrifient dans leur vie pro, ceux qui ont eu le courrage d\'étudier, d\'entreprendre, de se cultiver, de moins passer du temps en famille...Ben BRAVO !',NULL,'03/07/2012 15:42',25,0),(72,2,'dingo plutoy','artificial','artificial','http://plus.lefigaro.fr/articlesdv/20120703ARTFIG00800/commentaires?page=4&comment=C%27est%20un%20discours%20Bla%20bla%20qui%20dit%20tout%20et%20son%20contraire%20...%20Le%20chien%20est%20bien%20%E0%20l%27image%20son%20ma%EEtre%20...&figaro_commentaires_email=tram16m%40aliceadsl.fr&form_id=comment_form&op=Valider','','Il accepte pourtant que le fesf et le mes soit financer par l\'argent publique, on cr fait bananer comme toujours.. Il ne l accepte pas mais pourtant aucune loi a l heure actuelle n a ete vote au niveau europeen pour reglementer la speculation financiere... Bref paroléeee..',NULL,'03/07/2012 15:41',25,0),(73,2,'Pierre Dupuis 1','artificial','artificial','http://plus.lefigaro.fr/articlesdv/20120703ARTFIG00800/commentaires?page=4&comment=C%27est%20un%20discours%20Bla%20bla%20qui%20dit%20tout%20et%20son%20contraire%20...%20Le%20chien%20est%20bien%20%E0%20l%27image%20son%20ma%EEtre%20...&figaro_commentaires_email=tram16m%40aliceadsl.fr&form_id=comment_form&op=Valider','','Allez, nous attendons le changement, la grosse augmentation des salaires, la retraite à 60 ans pour tous, et l\'embauche à tour de bras pour résorber le chômage. Allez Ayrault, annonce nous tout ça !',NULL,'03/07/2012 15:40',25,0),(74,2,'jean Lafeuille','artificial','artificial','http://plus.lefigaro.fr/articlesdv/20120703ARTFIG00800/commentaires?page=4&comment=C%27est%20un%20discours%20Bla%20bla%20qui%20dit%20tout%20et%20son%20contraire%20...%20Le%20chien%20est%20bien%20%E0%20l%27image%20son%20ma%EEtre%20...&figaro_commentaires_email=tram16m%40aliceadsl.fr&form_id=comment_form&op=Valider','','BFM TV en direct.... Au ton de sa voix..on sent qu\'il ne croit pas à ce qu\'il dit....!!! Affligeant...!',NULL,'03/07/2012 15:38',25,0),(75,2,'jean Lafeuille','artificial','artificial','http://plus.lefigaro.fr/articlesdv/20120703ARTFIG00800/commentaires?page=4&comment=C%27est%20un%20discours%20Bla%20bla%20qui%20dit%20tout%20et%20son%20contraire%20...%20Le%20chien%20est%20bien%20%E0%20l%27image%20son%20ma%EEtre%20...&figaro_commentaires_email=tram16m%40aliceadsl.fr&form_id=comment_form&op=Valider','','BFM TV en direct.... Au ton de sa voix..on sent qu\'il ne croit pas à ce qu\'il dit....!!! Affligeant...!',NULL,'03/07/2012 15:38',25,0),(76,2,'PasBonPasCool','artificial','artificial','http://plus.lefigaro.fr/articlesdv/20120703ARTFIG00800/commentaires?page=4&comment=C%27est%20un%20discours%20Bla%20bla%20qui%20dit%20tout%20et%20son%20contraire%20...%20Le%20chien%20est%20bien%20%E0%20l%27image%20son%20ma%EEtre%20...&figaro_commentaires_email=tram16m%40aliceadsl.fr&form_id=comment_form&op=Valider','','CHICHE Mr AYRAULT ... faites voter une LOI limitant la totalité des indemnités , frais de fonctionnement , jetons de présence , etc ... etc ... pour l\'ENSEMBLE DE TOUS LES MANDATS à quatre fois le Smic ! ainsi que l\'impossibilité pour un fonctionnaire d\'échelon moyen d\'être élu ... là , on pourra parler d\'un début de justice',NULL,'03/07/2012 15:36',25,0),(77,2,'chaton175484','artificial','artificial','http://plus.lefigaro.fr/articlesdv/20120703ARTFIG00800/commentaires?page=5&anonymous=0&comment=TOUS%20LA%20MAIN%20AU%20PORTEFEUILLE%21&form_id=comment_form&op=Valider','','\"«Notre pays s\'est abimé moralement. La France, ce sont près de trois millions de salariés qui ne retrouvent pas de travail. \" On va voir combien il y en aura de plus avec les socialistes.La France n\'était pas abimée jusqu\'à présent .Elle va l\'être bientôt j\'en ai peur.',NULL,'03/07/2012 15:34',25,0),(78,2,'crisscross','artificial','artificial','http://plus.lefigaro.fr/articlesdv/20120703ARTFIG00800/commentaires?page=5&anonymous=0&comment=TOUS%20LA%20MAIN%20AU%20PORTEFEUILLE%21&form_id=comment_form&op=Valider','','PSA supprime 10 000 emplois! 10000 ! le dixième de ses effectifs, sans compter Pétroplus, IBM, Microsoft, Doux, Arcelor, SFR, Bouygues... Ce n\'est qu\'un début, l\'automne sera très chaud dans la rue, avec pleins de drapeaux rouges FDG et Mélenchon en tête vociférant avec Thibault (si il est encore là) contre la politique ultra libérale et anti sociale de ce gouvernement! Le désespoir, c\'est maintenant!',NULL,'03/07/2012 15:34',25,0),(79,2,'NEOHJIEHL','artificial','artificial','http://plus.lefigaro.fr/articlesdv/20120703ARTFIG00800/commentaires?page=5&anonymous=0&comment=TOUS%20LA%20MAIN%20AU%20PORTEFEUILLE%21&form_id=comment_form&op=Valider','','Inintéressant...... Platitudes à l\'encan..... bordées de lieu commun..... AYRAULT est fade, sans relief, sans charisme... triste France.',NULL,'03/07/2012 15:34',25,0),(80,2,'JULIEN7544','artificial','artificial','http://plus.lefigaro.fr/articlesdv/20120703ARTFIG00800/commentaires?page=5&anonymous=0&comment=TOUS%20LA%20MAIN%20AU%20PORTEFEUILLE%21&form_id=comment_form&op=Valider','','tout cela est du baratin ...... ce AYRAULT n\'est pas un orateur pour convaincre c\'est ennuyeux, il bute sur les mots ...... il se prend pour superman mais l\'Europe ne l\'attend pas ..... la france va s\'enliser avec un tel discours ! un etat d\'esprit nouveau dit-il - on n\'est pas sorti de la crise avec lui ! c\'est la gauche molle, il n\'y a pas de dynamisme ..... c\'est de la misère ce gouverement ! il y a un changement mais dans 5 ans je crains le pire car rien n\'est possible...on ne gouverne pas avec des mots il y a bien une difference de methode, l\'erreur est d\'en parler quand on est incapable faisant reference au gouvernement precedent - ce n\'est pas elegant et c\'est petit comme l\'est cet homme Ayrault !',NULL,'03/07/2012 15:31',25,0),(81,2,'Mac Gregor','artificial','artificial','http://plus.lefigaro.fr/articlesdv/20120703ARTFIG00800/commentaires?page=5&anonymous=0&comment=TOUS%20LA%20MAIN%20AU%20PORTEFEUILLE%21&form_id=comment_form&op=Valider','','C\'est bien dit mais pour l\'instant je n\'ai vu que des augmentations des dépenses. C\'est paradoxale quand même et on attend des mesures et leur applications concrêtes et pas des mots. L\'Etat de grace va s\'achever d\'ici peu de temps. Maintenant qu\'il n\'y a plus d\'élection et qu\'ils ont tous les pouvoirs, autant appliquer cette austérité...pardon... cette rigueur austére.',NULL,'03/07/2012 15:30',25,0),(82,2,'namala','artificial','artificial','http://plus.lefigaro.fr/articlesdv/20120703ARTFIG00800/commentaires?page=5&anonymous=0&comment=TOUS%20LA%20MAIN%20AU%20PORTEFEUILLE%21&form_id=comment_form&op=Valider','','éléments de langage de l\'UMP !',NULL,'03/07/2012 16:13',81,0),(83,2,'mhs','artificial','artificial','http://plus.lefigaro.fr/articlesdv/20120703ARTFIG00800/commentaires?page=5&anonymous=0&comment=TOUS%20LA%20MAIN%20AU%20PORTEFEUILLE%21&form_id=comment_form&op=Valider','','Je n\'ai jamais entendu un discours aussi mauvais Pas de souffle,mauvais orateur Rien de fort dans les propositions Bref il est de venu Zayrault',NULL,'03/07/2012 15:30',25,0);
/*!40000 ALTER TABLE `messgearticle` ENABLE KEYS */;
UNLOCK TABLES;

--
-- Table structure for table `poids`
--

DROP TABLE IF EXISTS `poids`;
/*!40101 SET @saved_cs_client     = @@character_set_client */;
/*!40101 SET character_set_client = utf8 */;
CREATE TABLE `poids` (
  `MOT` varchar(50) NOT NULL,
  `NUM_MESG` int(11) NOT NULL,
  `VALEUR` float NOT NULL,
  PRIMARY KEY (`NUM_MESG`,`MOT`),
  KEY `FK_POIDS` (`MOT`),
  CONSTRAINT `FK_POIDS` FOREIGN KEY (`MOT`) REFERENCES `dictionaire` (`MOT`),
  CONSTRAINT `FK_POIDS2` FOREIGN KEY (`NUM_MESG`) REFERENCES `messgearticle` (`NUM_MESG`)
) ENGINE=InnoDB DEFAULT CHARSET=latin1;
/*!40101 SET character_set_client = @saved_cs_client */;

--
-- Dumping data for table `poids`
--

LOCK TABLES `poids` WRITE;
/*!40000 ALTER TABLE `poids` DISABLE KEYS */;
/*!40000 ALTER TABLE `poids` ENABLE KEYS */;
UNLOCK TABLES;

--
-- Table structure for table `source`
--

DROP TABLE IF EXISTS `source`;
/*!40101 SET @saved_cs_client     = @@character_set_client */;
/*!40101 SET character_set_client = utf8 */;
CREATE TABLE `source` (
  `id` int(11) NOT NULL DEFAULT '0',
  `SOURCE` varchar(100) NOT NULL DEFAULT '',
  `URLSOURCE` varchar(500) NOT NULL DEFAULT '',
  `langue` int(10) unsigned NOT NULL,
  `SOURCEMERE` varchar(100) NOT NULL,
  `type` varchar(20) DEFAULT NULL,
  `theme` varchar(100) DEFAULT NULL,
  `nb` int(11) DEFAULT '0',
  `created` datetime DEFAULT NULL,
  `fetched` datetime DEFAULT NULL,
  PRIMARY KEY (`id`)
) ENGINE=InnoDB DEFAULT CHARSET=latin1;
/*!40101 SET character_set_client = @saved_cs_client */;

--
-- Dumping data for table `source`
--

LOCK TABLES `source` WRITE;
/*!40000 ALTER TABLE `source` DISABLE KEYS */;
INSERT INTO `source` (`id`, `SOURCE`, `URLSOURCE`, `langue`, `SOURCEMERE`, `type`, `theme`, `nb`, `created`, `fetched`) VALUES (1,'canabis','http://elections.lefigaro.fr/presidentielle-2012/2012/06/06/01039-20120606ARTFIG00479-cannabis-la-sortie-de-duflot-agite-la-classe-politique.php',1,'lefigaro','discussion','test',0,'2012-06-06 15:16:03','2012-06-06 15:16:09'),(2,'discours','http://www.lefigaro.fr/politique/2012/07/03/01002-20120703ARTFIG00800-ce-qu-il-faut-retenir-du-discours-de-jean-marc-ayrault.php',1,'lefigaro','discussion','',0,'2012-07-03 17:08:22','2012-07-03 17:08:31');
/*!40000 ALTER TABLE `source` ENABLE KEYS */;
UNLOCK TABLES;

--
-- Table structure for table `test`
--

DROP TABLE IF EXISTS `test`;
/*!40101 SET @saved_cs_client     = @@character_set_client */;
/*!40101 SET character_set_client = utf8 */;
CREATE TABLE `test` (
  `id` int(11) NOT NULL,
  `message` text,
  PRIMARY KEY (`id`)
) ENGINE=InnoDB DEFAULT CHARSET=latin1;
/*!40101 SET character_set_client = @saved_cs_client */;

--
-- Dumping data for table `test`
--

LOCK TABLES `test` WRITE;
/*!40000 ALTER TABLE `test` DISABLE KEYS */;
/*!40000 ALTER TABLE `test` ENABLE KEYS */;
UNLOCK TABLES;

--
-- Table structure for table `titre`
--

DROP TABLE IF EXISTS `titre`;
/*!40101 SET @saved_cs_client     = @@character_set_client */;
/*!40101 SET character_set_client = utf8 */;
CREATE TABLE `titre` (
  `TITRE` varchar(200) NOT NULL DEFAULT '',
  PRIMARY KEY (`TITRE`)
) ENGINE=InnoDB DEFAULT CHARSET=latin1;
/*!40101 SET character_set_client = @saved_cs_client */;

--
-- Dumping data for table `titre`
--

LOCK TABLES `titre` WRITE;
/*!40000 ALTER TABLE `titre` DISABLE KEYS */;
INSERT INTO `titre` (`TITRE`) VALUES (''),('Ayrault veut conduire le redressement dans la justice'),('Cannabis : la sortie de Duflot agite la classe politique');
/*!40000 ALTER TABLE `titre` ENABLE KEYS */;
UNLOCK TABLES;

--
-- Table structure for table `url`
--

DROP TABLE IF EXISTS `url`;
/*!40101 SET @saved_cs_client     = @@character_set_client */;
/*!40101 SET character_set_client = utf8 */;
CREATE TABLE `url` (
  `URL` varchar(767) NOT NULL DEFAULT '',
  PRIMARY KEY (`URL`)
) ENGINE=InnoDB DEFAULT CHARSET=latin1;
/*!40101 SET character_set_client = @saved_cs_client */;

--
-- Dumping data for table `url`
--

LOCK TABLES `url` WRITE;
/*!40000 ALTER TABLE `url` DISABLE KEYS */;
INSERT INTO `url` (`URL`) VALUES ('http://elections.lefigaro.fr/presidentielle-2012/2012/06/06/01039-20120606ARTFIG00479-cannabis-la-sortie-de-duflot-agite-la-classe-politique.php'),('http://plus.lefigaro.fr/article/cannabis-la-sortie-de-duflot-agite-la-classe-politique-20071031-956752/commentaires'),('http://plus.lefigaro.fr/article/cannabis-la-sortie-de-duflot-agite-la-classe-politique-20071031-956752/commentaires?page=1'),('http://plus.lefigaro.fr/article/ce-quil-faut-retenir-du-discours-de-jean-marc-ayrault-20120703-1004665/commentaires'),('http://plus.lefigaro.fr/articlesdv/20120703ARTFIG00800/commentaires?page=1&anonymous=0&comment=enfin%20un%20discours%20plein%20de%20bon%20sens...&form_id=comment_form&op=Valider'),('http://plus.lefigaro.fr/articlesdv/20120703ARTFIG00800/commentaires?page=2&anonymous=0&comment=Et%20toujours%20aucune%20info%20sur%20les%20perquisitions%20en%20cours%20aux%20domiciles%20de%20Sarkozy.%20Bizarre.%20Le%20Monde%20a%20sorti%20l%27info%20depuis%2030%20MINUTES%20et%20toujours%20rien%20ici%20%21%20Etrange%20%21%20%0D%0A%0D%0A%20%20%20AE.1%20&form_id=comment_form&op=Valider'),('http://plus.lefigaro.fr/articlesdv/20120703ARTFIG00800/commentaires?page=3&anonymous=0&comment=Et%20toujours%20aucune%20info%20sur%20les%20perquisitions%20en%20cours%20aux%20domiciles%20de%20Sarkozy.%20Bizarre.%20Le%20Monde%20a%20sorti%20l%27info%20depuis%2030%20MINUTES%20et%20toujours%20rien%20ici%20%21%20Etrange%20%21%20%0D%0A%0D%0A%20%20%20AE.1%20&form_id=comment_form&op=Valider'),('http://plus.lefigaro.fr/articlesdv/20120703ARTFIG00800/commentaires?page=4&comment=C%27est%20un%20discours%20Bla%20bla%20qui%20dit%20tout%20et%20son%20contraire%20...%20Le%20chien%20est%20bien%20%E0%20l%27image%20son%20ma%EEtre%20...&figaro_commentaires_email=tram16m%40aliceadsl.fr&form_id=comment_form&op=Valider'),('http://plus.lefigaro.fr/articlesdv/20120703ARTFIG00800/commentaires?page=5&anonymous=0&comment=TOUS%20LA%20MAIN%20AU%20PORTEFEUILLE%21&form_id=comment_form&op=Valider'),('http://www.lefigaro.fr/flash-actu/2012/07/03/97001-20120703FILWWW00816-bettencourt-la-juge-prevost-desprez-mise-en-examen.php'),('http://www.lefigaro.fr/politique/2012/07/03/01002-20120703ARTFIG00800-ce-qu-il-faut-retenir-du-discours-de-jean-marc-ayrault.php');
/*!40000 ALTER TABLE `url` ENABLE KEYS */;
UNLOCK TABLES;
/*!40103 SET TIME_ZONE=@OLD_TIME_ZONE */;

/*!40101 SET SQL_MODE=@OLD_SQL_MODE */;
/*!40014 SET FOREIGN_KEY_CHECKS=@OLD_FOREIGN_KEY_CHECKS */;
/*!40014 SET UNIQUE_CHECKS=@OLD_UNIQUE_CHECKS */;
/*!40101 SET CHARACTER_SET_CLIENT=@OLD_CHARACTER_SET_CLIENT */;
/*!40101 SET CHARACTER_SET_RESULTS=@OLD_CHARACTER_SET_RESULTS */;
/*!40101 SET COLLATION_CONNECTION=@OLD_COLLATION_CONNECTION */;
/*!40111 SET SQL_NOTES=@OLD_SQL_NOTES */;

-- Dump completed on 2013-02-14  1:33:59
